<?xml version="1.0" encoding="UTF-8"?>

<!DOCTYPE hibernate-configuration PUBLIC
        "-//Hibernate/Hibernate Configuration DTD 3.0//EN"
        "http://www.hibernate.org/dtd/hibernate-configuration-3.0.dtd">

<hibernate-configuration>

	<session-factory>

		<!-- Configurações de Conexão com o Banco de Dados -->
		<property name="connection.driver_class">com.mysql.cj.jdbc.Driver</property>
		<property name="connection.url">jdbc:mysql://127.0.0.1:3306/estacionamento?useTimezone=true&amp;serverTimezone=UTC</property>
		<property name="connection.username">igor</property>
		<property name="connection.password">852310</property>

	

		<!-- SQL dialect -->
		<property name="dialect">org.hibernate.dialect.MySQL5InnoDBDialect</property>

		<!-- Gerenciamento do Contexto das Sessões -->
		<property name="current_session_context_class">thread</property>

		<!-- Cache de Segundo Nível -->
		<property name="cache.provider_class">org.hibernate.cache.internal.NoCacheProvider</property>

		<!-- Mostra as SQLs Geradas -->
		<property name="show_sql">true</property>

		<!-- Cria as tabelas do banco de dados -->
		<property name="hbm2ddl.auto">update</property>
		
		
		<!-- Mapeamento das classes, com nome dos pacotes e em seguida nome da classe -->
		<mapping class="br.com.Classes.Vaga"/>
		<mapping class="br.com.Classes.Aluguel"/>
		<mapping class="br.com.Classes.Carro"/>
		
		
	</session-factory>

</hibernate-configuration>